İŞİN ADI ;YERİ;AÇIKLAMA
DOĞALGAZ TESİSATI;ANKARA / ÇANKAYA / BEYSUKENT;BAGELİ MANYAK VE ETMANYAK KOMPLE DOĞALGAZ TESİSATI
DOĞALGAZ TESİSATI;ANKARA / ÇANKAYA / BEYTEPE;CUMHURBAŞKANLIĞI DOĞALGAZ TESİSATI REVİZYONU 
DOĞALGAZ TESİSATI;İÇ ANADOLU;TÜM KFC VE PİZZA HUT DOĞALGAZ TESİSATLARI İMALATLARI
DOĞALGAZ TESİSATI;ANKARA / GÖLBAŞI / KARAGEDİK;TÜRKSAT HABERLEŞME A.Ş. KAZAN DAİRESİ DOĞALGAZ TESİSATI
DOĞALGAZ TESİSATI;ANKARA / TEMELLİ ;ANKA WALL PROSES ÖZEL DOĞALGAZ İMALATI KOMPLE
DOĞALGAZ TESİSATI;ANKARA / AKYURT;MAN FABRİKA BOYA FIRINI DOĞALGAZ İÇ TESİSATI İŞLERİ
DOĞALGAZ TESİSATI;ANKARA / GÖLBAŞI;ÇAĞMAZ İNŞAAT APART OFİSLER VE APART KOMPLE DOĞALGAZ TESİSATI
DOĞALGAZ TESİSATI;ANKARA / ÇANKAYA;ANKA REZERVE DOĞALGAZ KAZAN DAİRESİ VE KOLON TESİSATI
DOĞALGAZ TESİSATI;ANKARA / GÖLBAŞI;PALTO YAPI 12 DAİRE DOĞALGAZ İÇ TESİSAT VE KOLON TESİSATI
DOĞALGAZ TESİSATI;ANKARA / ÇANKAYA;KİTA MU RESTAURANT KOMPLE DOĞALGAZ KOLON VE İÇ TESİSATI
HAVALANDIRMA TESİSATI;ANKARA / TEMELLİ ;MATEKS MAKİNA DÖKÜMHANE EMİŞ SİSTEMLERİ KURULUMU
KAZAN DAİRESİ DÖNÜŞÜM;ANKARA / ÇANKAYA /BİRLİK MAH.;75. YIL APARTMANI KAZAN DAİRESİ DÖNÜŞÜM İŞİ
KAZAN DAİRESİ DÖNÜŞÜM;ANKARA / ÇANKAYA /ÜVEZLER;KALIPÇI APARTMANI KAZAN DAİRESİ DÖNÜŞÜM İŞİ 
KAZAN DAİRESİ DÖNÜŞÜM;ANKARA / ÇANKAYA / DİKMEN;PEMBE KÖŞK APARTMANI KAZAN DAİRESİ DÖNÜŞÜM İŞİ
KAZAN DAİRESİ DÖNÜŞÜM;ANKARA  / ETMESGUT / ERYAMAN;ADRESS ERYAMAN PROJESİ KAZAN DAİRESİ DÖNÜŞÜM İŞİ
KAZAN DAİRESİ DÖNÜŞÜM;ANKARA / ÇANKAYA / ESAT;ÇAMLICA APARTMANI KAZAN DAİRESİ DÖNÜŞÜM İŞİ
KAZAN DAİRESİ DÖNÜŞÜM;ANKARA / ÇANKAYA / EMEK;DENİZ APARTMANI KAZAN DAİRESİ DÖNÜŞÜM İŞİ
KAZAN DAİRESİ DÖNÜŞÜM;ANKARA / ÇANKAYA / HOŞDERE;FUAR SOKAK NO:11 ERSA APARTMANI KAZAN DAİRESİ DÖNÜŞÜM İŞİ
KAZAN DAİRESİ DÖNÜŞÜM;ANKARA / ÇANKAYA /DİKMEN ;ÜSKÜDAR APARTMANI KAZAN DAİRESİ DÖNÜŞÜM
KAZAN DAİRESİ DÖNÜŞÜM;ANKARA / ETİMESGUT / ERYAMAN;İLKSOY 2 SİTESİ KAZAN DAİRESİ DÖNÜŞÜM İŞLERİ
KAZAN DAİRESİ DÖNÜŞÜM;ANKARA / ÇANKAYA ;ERSA APARTMANI KAZAN DAİRESİ DÖNÜŞÜM İŞİ
KAZAN DAİRESİ DÖNÜŞÜM;ANKARA / GÖLBAŞI ;MAZZ GÖLBAŞI SİTESİ KAZAN DAİRESİ DÖNÜŞÜM İŞİ
KAZAN DAİRESİ DÖNÜŞÜM;ANKARA / ÇANKAYA;BAYKALER APARTMANI KAZAN DAİRESİ DÖNÜŞÜM İŞİ
KAZAN DAİRESİ DÖNÜŞÜM;ANKARA / SİNCAN;SİMİTÇİ DÜNYASI FABRİKA  KAZAN DAİRESİ DÖNÜŞÜM İŞİ
KAZAN DAİRESİ DÖNÜŞÜM;ANKARA/ ETİMESGUT;AGE BLOKLARI A2 BLOK KAZAN DAİRESİ DÖNÜŞÜM İŞİ
KAZAN DAİRESİ DÖNÜŞÜM;ANKARA/ ETİMESGUT;AGE BLOKLARI A3 BLOK KAZAN DAİRESİ DÖNÜŞÜM İŞİ
KAZAN DAİRESİ DÖNÜŞÜM;ANKARA/ ETİMESGUT;AGE BLOKLARI B1 BLOK KAZAN DAİRESİ DÖNÜŞÜM İŞİ
KAZAN DAİRESİ DÖNÜŞÜM;ANKARA/ ETİMESGUT;AGE BLOKLARI B2 BLOK KAZAN DAİRESİ DÖNÜŞÜM İŞİ
KAZAN DAİRESİ DÖNÜŞÜM;ANKARA/ ETİMESGUT;AGE BLOKLARI D1 BLOK KAZAN DAİRESİ DÖNÜŞÜM İŞİ
KAZAN DAİRESİ DÖNÜŞÜM;ANKARA / ÇANKAYA ;PINAR APARTMANI KAZAN DAİRESİ DÖNÜŞÜM İŞİ
KAZAN DAİRESİ DÖNÜŞÜM;ANKARA / ÇANKAYA ;ONUR APARTMANI KAZAN DAİRESİ DÖNÜŞÜM İŞİ
KAZAN DAİRESİ DÖNÜŞÜM;ANKARA / ÇANKAYA ;ANAHTAR PARTİ MERKEZ BİNASI KAZAN DAİRESİ DÖNÜŞÜM İŞİ
KAZAN DAİRESİ DÖNÜŞÜM;ANKARA / GÖLBAŞI ;TÜRKERLER HOLDİNG VİLLA KAZAN DAİRESİ DÖNÜŞÜM İŞİ
KAZAN DAİRESİ DÖNÜŞÜM;ANKARA / AKYURT ;AKYURT ÇİFTLİK EVİ KAZAN DAİRESİ DÖNÜŞÜM İŞİ
KAZAN DAİRESİ DÖNÜŞÜM;ANKARA / SİNCAN;BÜLBÜLOĞLU VİNİÇ SANAYİ KAZAN DAİRESİ DÖNÜŞÜM İŞİ
KAZAN DAİRESİ DÖNÜŞÜM;ANKARA / ÇANKAYA ;AVANOS APARTMANI KAZAN DAİRESİ DÖNÜŞÜM İŞ
KAZAN DAİRESİ DÖNÜŞÜM;ANKARA / ÇANKAYA ;CEMAL GÜRSEL CADDESİ NO:41 KAZAN DAİRESİ DÖNÜŞÜM İŞİ
KAZAN DAİRESİ DÖNÜŞÜM;ANKARA / ÇANKAYA ;GÜVENLİK CADDESİ NO:22 KAZAN DAİRESİ DÖNÜŞÜM İŞ
KAZAN DAİRESİ DÖNÜŞÜM;ANKARA / ÇANKAYA ;HÜLYA APARTMANI KAZAN DAİRESİ DÖNÜŞÜM İŞ
KAZAN DAİRESİ DÖNÜŞÜM;ANKARA / ÇANKAYA ;BİLKENT PARK 2 SİTESİ C BLOK KAZAN DAİRESİ DÖNÜŞÜM İŞİ
KAZAN DAİRESİ DÖNÜŞÜM;ANKARA / ÇANKAYA ;ELİT NATURAL İDARİ OFİS KAZAN DAİRESİ REVİZYON İŞİ
KAZAN DAİRESİ KURULUM;ANKARA  / ÇANKAYA / BEYSUKENT;ELİT NATUREL FİRMASI İDARİ OFİS BİNASI KAZAN DAİRESİ KURULUMU
KAZAN DAİRESİ KURULUM;ANKARA  / ÇANKAYA / BEYSUKENT;BEYSUKENT ÖĞRENCİ YURDU KAZAN DAİRESİ KURULUM 
KAZAN DAİRESİ KURULUMU;ANKARA / ÇANKAYA;BETA 2-10 NOLU VİLLA KAZAN DAİRESİ KURULUM İŞİ
KAZAN DAİRESİ KURULUMU;ANKARA / GÖLBAŞI / İNCEK;AKMAN APART KAZAN DAİRESİ KURULUMU
KAZAN DAİRESİ KURULUMU;ANKARA / ÇANKAYA;LAVİN 10 NOLU VİLLA KAZAN DAİRESİ KURULUM İŞİ
KAZAN DAİRESİ KURULUMU;ANKARA / ÇANKAYA;LAVİN 8 NOLU VİLLA KAZAN DAİRESİ KURULUM İŞİ
KAZAN DAİRESİ KURULUMU;ANKARA / ÇANKAYA;LAVİN 7 NOLU VİLLA KAZAN DAİRESİ KURULUM İŞİ
KAZAN DAİRESİ KURULUMU;ANKARA / ÇANKAYA;YAŞAMKENT 12 ADET APART KAZAN DAİRESİ KURULUM İŞİ
KAZAN DAİRESİ KURULUMU;KOCAELİ / GEBZE;VİLLA KAZAN DAİRESİ SU DEPOSU HİDROFOR KURULUMU 
KAZAN DAİRESİ KURULUMU;ANKARA / GÖLBAŞI;ÇAĞMAZ İNŞAAT APART KAZAN DAİRESİ KURULUM
KOMPLE MEKANİK TESİSAT;ANKARA / ÇANKAYA /M.KEMAL;ERPA HOLDİNG BİNASI  KOMPLE MEKANİK TESİSAT İŞİ
KOMPLE MEKANİK TESİSAT;ANKARA / ÇANKAYA / HOŞDERE;AK-EV CAMİİ KOMPLE MEKANİK TESİSAT İŞİ
KOMPLE MEKANİK TESİSAT;ANKARA / ÇANKAYA / BEYTEPE;ESKİHİSAR VE GEBERİT MAĞAZALARI KOMPLE MEKANİK TESİSAT
KOMPLE MEKANİK TESİSAT;SAKARYA / SAPANCA;CASA GİALLO OTEL KOMPLE MEKANİK TESİSAT İŞİ
KOMPLE MEKANİK TESİSAT;ANKARA / KAHRAMANKAZAN ;TESİM. A.Ş. İDARİ OFİS BİNASI KOMPLE MEKANİK TESİSAT İŞİ
KOMPLE MEKANİK TESİSAT;ANKARA / YENİMAHALLE / BATIKENT;ALFA İTRİYAT MEDİKAL KOMPLE MEKANİK TESİSAT 
KOMPLE MEKANİK TESİSAT;ANKARA / ALTINDAĞ / HASKÖY;NEVA TORUN AVM KOMPLE MEKANİK TESİSAT İŞİ
KOMPLE MEKANİK TESİSAT;ANKARA  / ÇANKAYA / M.KEMAL ;BUTCHA MAĞAZA KOMPLE MEKANİK TESİSAT
KOMPLE MEKANİK TESİSAT;ANKARA / ÇANKAYA / BİLKENT;ÇARA GRUP / TÜRK YAPI BİLKENT 3 MALİKHANE  MEKANİK TESİSAT İŞLERİ
KOMPLE MEKANİK TESİSAT;ANKARA / ÇANKAYA / BİLKENT;ÇARA GRUP / TÜRK YAPI BİLKENT 4 MALİKHANE  MEKANİK TESİSAT İŞLERİ
KOMPLE MEKANİK TESİSAT;ANKARA / ÇANKAYA / BİLKENT;ÇARA GRUP / TÜRK YAPI BİLKENT 5 MALİKHANE  MEKANİK TESİSAT İŞLERİ
KOMPLE MEKANİK TESİSAT;ANKARA / GÖLBAŞI / İNCEK ;APART 25 KOMPLE MEKANİK TESİSAT İŞLERİ
KOMPLE MEKANİK TESİSAT;ANKARA / ÇANKAYA / M.KEMAL;TÜRKİYE PETROLLERİ SAKARYA BİNASI KOMPLE MEKANİK TESİSAT İŞİ
KOMPLE MEKANİK TESİSAT;KIRIKKALE / MERKEZ;PODİUM KULE BİNASI ÖRNEK KAT MEKANİK TESİSAT İŞLERİ
KOMPLE MEKANİK TESİSAT;KIRIKKALE / MERKEZ;PODİUM AVM AMF BOWLİNG MEKANİK TESİSAT İŞLERİ
KOMPLE MEKANİK TESİSAT;ANKARA /YENİMAHALLE ;PODİUM AVM COLİNS  MEKANİK TESİSAT İŞLERİ
KOMPLE MEKANİK TESİSAT;ANKARA /YENİMAHALLE ;PODİUM AVM İN STREET MEKANİK TESİSAT İŞLERİ
KOMPLE MEKANİK TESİSAT;ANKARA / TEMELLİ ;MATEKS MAKİNA İDARİ OFİS BİNASI TESİSAT İŞLERİ
KOMPLE MEKANİK TESİSAT;ANKARA / GÖLBAŞI /İNCEK;SINAV FEN KOLEJİ OKUL KOMPLE MEKANİK TESİSAT İŞLERİ
KOMPLE MEKANİK TESİSAT;İSTANBUL / BEŞİKTAŞ;ZORLU CENTER ERPA HOLDİNG OFİS KOMPLE MEKANİK İŞLERİ
KOMPLE MEKANİK TESİSAT;İSTANBUL / BEŞİKTAŞ;BARBAROS PLAZA ERPA HOLDİNG OFİS KOMPLE MEKANİK İŞLERİ
KOMPLE MEKANİK TESİSAT;ANKARA / ETİMESGUT / BAŞLICA;M.B.İ İNŞAAT 18 DAİRE + 6 VİLLA KOMPLE MEKANİK TESİSAT İŞLERİ
KOMPLE MEKANİK TESİSAT;ANKARA / KAHRAMANKAZAN ;NAZIMAY İNŞAAT  KOÇAL İŞ MERKEZİ KOMPLE MEKANİK TESİSAT
KOMPLE MEKANİK TESİSAT;ANKARA / KEÇİÖREN;BURGER KİNG DUTLUK ŞUBESİ KOMPLE MEKANİK TESİSAT
KOMPLE MEKANİK TESİSAT;ANKARA / ÇANKAYA  / YAŞAMKENT;KAYA HOLDİNG NAKKAŞTEPE 3 VİLLA KOMPLE MEKANİK TESİSAT
KOMPLE MEKANİK TESİSAT;ANKARA / ÇANKAYA / ÇAYYOLU;QUARTZ ÇAYYOLU 28 DÜKKAN İŞ MERKEZİ KOMPLE MEKANİK TESİSATI 
KOMPLE MEKANİK TESİSAT;ANKARA / GÖLBAŞI ;V.S.B GRUP MALİKHANE KOMPLE MEKANİK TESİSAT İŞİ
KOMPLE MEKANİK TESİSAT;ANKARA / ETİMESGUT ;ERLER MAHALLESİ 2 PARSEL 2 DAİRE KONUT PROJESİ KOMPLE MEKANİK TESİSAT İŞLERİ
KOMPLE MEKANİK TESİSAT;ANKARA / ETİMESGUT ;ERLER MAHALLESİ 6 PARSEL 2 DAİRE KONUT PROJESİ KOMPLE MEKANİK TESİSAT İŞLERİ
KOMPLE MEKANİK TESİSAT;ANKARA / ETİMESGUT ;ERLER MAHALLESİ 13 PARSEL 2 DAİRE KONUT PROJESİ KOMPLE MEKANİK TESİSAT İŞLERİ
KOMPLE MEKANİK TESİSAT;ANKARA / ETİMESGUT ;ERLER MAHALLESİ 10 PARSEL 2 DAİRE KONUT PROJESİ KOMPLE MEKANİK TESİSAT İŞLERİ
KOMPLE MEKANİK TESİSAT;ANKARA / ETİMESGUT ;ERLER MAHALLESİ 15 PARSEL 2 DAİRE KONUT PROJESİ KOMPLE MEKANİK TESİSAT İŞLERİ
KOMPLE MEKANİK TESİSAT;ANKARA / ETİMESGUT ;ERLER MAHALLESİ 4 PARSEL 2 DAİRE KONUT PROJESİ KOMPLE MEKANİK TESİSAT İŞLERİ
KOMPLE MEKANİK TESİSAT;ANKARA / ETİMESGUT ;ERLER MAHALLESİ 14 PARSEL 2 DAİRE KONUT PROJESİ KOMPLE MEKANİK TESİSAT İŞLERİ
KOMPLE MEKANİK TESİSAT;ANKARA / ETİMESGUT ;ERLER MAHALLESİ 12 PARSEL 2 DAİRE KONUT PROJESİ KOMPLE MEKANİK TESİSAT İŞLERİ
KOMPLE MEKANİK TESİSAT;ANKARA / BATIKENT; YARGI BASIM YAYIM OFİS BİNASI PROJESİ KOMPLE MEKANİK TESİSAT İŞLERİ
KOMPLE MEKANİK TESİSAT;ANKARA / BATIKENT; YARGI BASIM YAYIM 2.OFİS BİNASI PROJESİ KOMPLE MEKANİK TESİSAT İŞLERİ
KOMPLE MEKANİK TESİSAT;ANKARA / İNCEK;VERA İNCEK 3 NOLU VİLLA PROJESİ TÜM MEKANİK TESİSAT İŞLERİ
KOMPLE MEKANİK TESİSAT;ANKARA / İNCEK;VERA İNCEK 11 NOLU VİLLA PROJESİ TÜM MEKANİK TESİSAT İŞLERİ
KOMPLE MEKANİK TESİSAT;ANKARA / KAHRAMANKAZAN ;AKTEM ELEKTRİK İDARİ BİNASI 
KOMPLE MEKANİK TESİSAT;ANKARA / BATIKENT;RAMAZAN YETGİN VİLLA PROJESİ TÜM MEKANİK TESİSAT İŞLERİ
KOMPLE MEKANİK TESİSAT;ANKARA / ÇANKAYA ;YAŞAMKENT 11 ADET APART KOMPLE MEKANİK TESİSAT İŞLERİ
KOMPLE MEKANİK TESİSAT;ANKARA / ÇANKAYA ;YAŞAMKENT 12 ADET APART KOMPLE MEKANİK TESİSAT İŞLERİ
KOMPLE MEKANİK TESİSAT;ANKARA /ÇANKAYA ;F.T. ANGORA VİLLA KOMPLE MEKANİK TESİSAT İŞLERİ
KOMPLE MEKANİK TESİSAT;ANKARA / ÇANKAYA;İ.Ş. BEYSUKENT VİLLA KOMPLE MEKANİK TESİSAT İŞLERİ
KOMPLE MEKANİK TESİSAT;ANKARA / ÇANKAYA;FOR LİFE HİLL NO:1 VİLLA KOMPLE MEKANİK TESİSAT İŞLERİ
KOMPLE MEKANİK TESİSAT;ANKARA / GÖLBAŞI;GÖKHAN DVÖVER GÖLBAŞI BALLIKPINAR 2 ADET VİLLA KOMPLE MEKANİK TESİSAT İŞLERİ
KOMPLE MEKANİK TESİSAT;ANKARA / GÖLBAŞI;O.K. VİLLA KOMPLE MEKANİK TESİSAT İŞLERİ
KOMPLE MEKANİK TESİSAT;ANKARA / YENİMAHALLE;HÜDAVERDİ CAMİİ KOMPLE MEKANİK TESİSAT İŞLERİNİN YAPILMASI
KOMPLE MEKANİK TESİSAT;ANKARA / GÖLBAŞI;MAHİR GÖKTAŞ VİLLA KOMPLE MEKANİK TESİSAT İŞLERİ
KOMPLE MEKANİK TESİSAT;ANKARA / ETİMESGUT;MAHİR GÖKTAŞ 2.VİLLA KOMPLE MEKANİK TESİSAT İŞLERİ
KOMPLE MEKANİK TESİSAT;ANKARA / ETİMESGUT;MAHİR GÖKTAŞ 3.VİLLA KOMPLE MEKANİK TESİSAT İŞLERİ
KOMPLE MEKANİK TESİSAT;ANKARA / ÇANKAYA;A.C.S. MEDİKAL MUSTAFA KEMAL MAHALLESİ İDARİ OFİS BİNASI KOMPLE MEKANİK TESİSAT İŞLERİ.
KOMPLE MEKANİK TESİSAT;ANKARA / YENİMAHALLE;BENİM HOCAM YAYIN EVİ İDARİ OFİSİ KOMPLE MEKANİK TESİSAT İŞLERİ
KOMPLE MEKANİK TESİSAT;ANKARA / GÖLBAŞI;MEHMET DEVECİ VİLLA KOMPLE MEKANİK TESİSAT İŞLERİ
KOMPLE MEKANİK TESİSAT;ANKARA / ÇANKAYA;ÖMER TÜRELİ  DİŞ  KLİNİĞİ KOMPLE MEKANİK TESİSAT İŞLERİ
KOMPLE MEKANİK TESİSAT;ANKARA / ETİMESGUT;VEN GRUP ŞEHİT ALİ MAHALLESİ VİLLA KOMPLE MEKANİK TESİSAT İŞLERİ
KOMPLE MEKANİK TESİSAT;ANKARA / GÖLBAŞI;İNCEK KONAKLARI 2 ADET VİLLA KOMPLE MEKANİK TESİSAT İŞLERİ
KOMPLE MEKANİK TESİSAT;ANKARA / GÖLBAŞI;E.E. VİLLA KOMPLE MEKANİK TESİSAT İŞLERİ
KOMPLE MEKANİK TESİSAT;ANKARA / ÇANKAYA;T.T.  VİLLA KOMPLE MEKANİK TESİSAT İŞLERİ
KOMPLE MEKANİK TESİSAT;ANKARA / GÖLBAŞI;DORÇE PREFABRİK TULUMTAŞ ÇELİK KONSTRÜKSİYON VİLLA MEKANİK TESİSAT İŞLERİ
KOMPLE MEKANİK TESİSAT;ANKARA / GÖLBAŞI;ZAFER AKGÜN VİLLA KOMPLE MEKANİK TESİSAT İŞLERİ
KOMPLE MEKANİK TESİSAT;ANKARA / ÇANKAYA;TEPE PRİME BUTCHA RESTAURANT KOMPLE MEKANİK TESİSAT İŞLERİ
KOMPLE MEKANİK TESİSAT;ANKARA / ÇANKAYA;OSMAN ÇİÇEKLİ VİLLA KOMPLE MEKANİK TESİSAT İŞLERİ
KOMPLE MEKANİK TESİSAT;ANKARA / ÇANKAYA;A PROJE İDARİ OFİS BİNASI KOMPLE MEKANİK TESİSAT İŞLERİ
KOMPLE MEKANİK TESİSAT;ANKARA / ÇANKAYA;Y.M VİLLA KOMPLE MEKANİK TESİSAT İŞLERİ
KOMPLE MEKANİK TESİSAT;ANKARA / ÇUBUK;LİVA MOBİLYA 2 ADET VİLLA KOMPLE MEKANİK TESİSAT İŞLERİ
KOMPLE MEKANİK TESİSAT;ANKARA / İNCEK;VERA İNCEK 2 NOLU VİLLA PROJESİ TÜM MEKANİK TESİSAT İŞLERİ
KOMPLE MEKANİK TESİSAT;ANKARA / İNCEK;VERA İNCEK 17 NOLU VİLLA PROJESİ TÜM MEKANİK TESİSAT İŞLERİ
KOMPLE MEKANİK TESİSAT;ANKARA / ÇANKAYA;DORE MUSİC NOKTA İŞ MERKEZİ KOMPLE MEKANİK TESİSAT İŞLERİ
KOMPLE MEKANİK TESİSAT;ANKARA / ÇANKAYA;LEVENT ÇAMUR VİLLA KOMPLE MEKANİK TESİSAT İŞLERİ
KOMPLE MEKANİK TESİSAT;ANKARA / ALTINDAĞ;ERPA HOLDİNG VESTEL MAĞAZA KOMPLE MEKANİK TESİSAT İŞLERİ
KOMPLE MEKANİK TESİSAT;ANKARA / ÇUBUK;ERPA HOLDİNG VESTEL MAĞAZA KOMPLE MEKANİK TESİSAT İŞLERİ
KOMPLE MEKANİK TESİSAT;ANKARA / GÖLBAŞI;TOLGA ÖZTEKİN VİLLA KOMPLE MEKANİK TESİSAT İŞLERİ
KOMPLE MEKANİK TESİSAT;ANKARA / SARAY;GÜNKA MAKİNA FABRİKA KOMPLE MEKANİK TESİSAT İŞLERİ
KOMPLE MEKANİK TESİSAT;ANKARA / ÇANKAYA;PARİS KUAFÖR KOMPLE MEKANİK TESİSAT İŞLERİ
KOMPLE MEKANİK TESİSAT;ANKARA / ÇANKAYA;VERA İNCEK NO:1 KOMPLE MEKANİK TESİSAT İŞLERİ
KOMPLE MEKANİK TESİSAT;ANKARA / ÇANKAYA;VERA İNCEK  NO:5 KOMPLE MEKANİK TESİSAT İŞLERİ
KOMPLE MEKANİK TESİSAT;ANKARA / ÇANKAYA;VSB İNCEK VİLLA 2 KOMPLE MEKANİK TESİSAT İŞLERİ
SIHHI TESİSAT DEĞİŞİMİ;ANKARA  / ÇANKAYA ;SICAK SU VE SOĞUK SU BORULARI DEĞİŞİM İŞİ 
VRF TESİSATI;ANKARA  / ÇANKAYA ;DOĞANKENT KAHVE DÜNYASI VRF TESİSAT İŞİ
VRF TESİSATI;KONYA / SELÇUKLU;SETREMİS MAĞAZA VRF TESİSAT İŞİ
VRF TESİSATI;ANKARA  / GÖLBAŞI;VERA İNCEK NO :3 VRF TESİSAT İŞLERİ
VRF TESİSATI;ANKARA  / ÇANKAYA ;BÜRO TİME VRF TESİSAT İŞİ
VRF TESİSATI;ANKARA  / ÇANKAYA ;ERDEM KRAMER KUAFÖR VRF TESİSAT İŞLERİ
VRF TESİSATI;ANKARA / ALTINDAĞ;MEB ANKARA HİZMETİÇİ EĞİTİM ENS. MÜD VRF TESİSAT İŞLERİ
YANGIN TESİSATI;ANKARA / TEMELLİ ;ELİT NATURAL FABRİKA KOMPLE YANGIN TESİSATI
YANGIN TESİSATI;ANKARA / ÇANKAYA;ANKA REZERVE YANGIN POMPA ODASI KURULUMU 
;;
;;
;;
;;
;;
;;
;;
;;
;;
;;
;;
;;
;;
;;
;;
;;
;;
;;
;;
;;
;;
;;
;;
;;
;;
;;
;;
;;
;;
;;
;;
;;
;;
;;
;;
;;
;;
;;
;;
;;
;;
;;
;;
;;
;;
KOMPLE MEKANİK TESİSAT;ANKARA / İNCEK;MUSLU SENSE FİVE BULVAR-2 6 NOLU VİLLA TÜM MEKANİK TESİSAT İŞLERİ
KOMPLE MEKANİK TESİSAT;ANKARA / BAŞLICA;OZAN LİFE 8 NOLU VİLLA TÜM MEKANİK TESİSAT İŞLERİ
;;
DOĞALGAZ TESİSATI;ANKARA / ÇANKAYA ;YEŞİLYURT SOK 3 NOLU APARTMAN DOĞALGAZ TESİSAT İŞLERİ
